Y;X1;X2
10;5;5
16057;6528;9529
6940;2988;3952
1869;266;1603
1037;594;443
13837;8881;4956
9360;9059;301
11445;8003;3442
10067;3593;6474
14906;7550;7356
5742;4641;1101
14292;7673;6619
10334;7942;2392
11847;4076;7771
3127;3101;26
6775;1358;5417
11337;9576;1761
8002;5276;2726
10052;8867;1185
17521;8058;9463
11697;9905;1792
3133;1730;1403
14802;9049;5753
15958;8796;7162
15964;9993;5971
14826;7048;7778
13077;6157;6920
6584;1313;5271
5971;3574;2397
9371;3733;5638
11026;4930;6096
2340;983;1357
10953;8499;2454
5485;3803;1682
4253;2065;2188
2970;689;2281
17249;7938;9311
12505;5414;7091
11590;1707;9883
8651;1240;7411
6962;5571;1391
7516;5851;1665
6090;4695;1395
12117;8118;3999
7397;2709;4688
13797;4744;9053
12405;7117;5288
11395;7030;4365
13987;9128;4859
13906;6927;6979
13478;3557;9921
14231;9979;4252
6602;2369;4233
7747;1044;6703
4114;3047;1067
11953;3419;8534
11796;7877;3919
8050;6128;1922
4426;2135;2291
7411;4495;2916
4199;2874;1325
13315;3736;9579
4288;2968;1320
3677;2990;687
11467;6951;4516
15855;6443;9412
4044;2134;1910
10232;8616;1616
12581;7022;5559
4384;1645;2739
9601;7092;2509
11506;5131;6375
13519;5257;8262
6941;5435;1506
9080;8099;981
6360;2987;3373
12220;6124;6096
13208;9548;3660
10134;7332;2802
7050;4273;2777
11739;2043;9696
9721;5724;3997
12434;6718;5716
8308;8124;184
10242;5391;4851
3010;2919;91
11269;1647;9622
14038;6141;7897
8528;3389;5139
14761;5985;8776
4878;2768;2110
10179;9537;642
11929;4629;7300
2491;804;1687
15588;6057;9531
7277;1211;6066
6787;874;5913
6995;4600;2395
14509;7018;7491
8505;3090;5415
8297;5320;2977
5430;1018;4412
2214;768;1446
15476;8997;6479
5706;4618;1088
6166;5647;519
10464;3237;7227
12150;3164;8986
11719;2391;9328
7137;7041;96
14624;9377;5247
12011;2547;9464
10834;8054;2780
17369;7787;9582
17645;8320;9325
4811;2696;2115
12220;9225;2995
9125;2995;6130
9612;1302;8310
7132;5322;1810
13518;9259;4259
10490;2699;7791
9045;8187;858
11127;4267;6860
1837;631;1206
15865;8977;6888
15082;8425;6657
13958;4812;9146
4046;1227;2819
14341;4794;9547
2696;2592;104
14515;7026;7489
5495;968;4527
7441;3081;4360
14839;7513;7326
7010;2316;4694
12347;9760;2587
16275;6510;9765
5935;3037;2898
3889;3591;298
8986;1080;7906
5940;4533;1407
10516;6738;3778
6339;1188;5151
11731;5367;6364
13559;5737;7822
11021;7297;3724
10217;2636;7581
10596;9532;1064
16795;8307;8488
3629;2792;837
523;105;418
15330;6515;8815
15684;7618;8066
10351;7007;3344
4910;1846;3064
4222;4134;88
8072;3342;4730
9811;7610;2201
14041;4041;10000
11718;7263;4455
9110;5094;4016
11096;8005;3091
13383;4831;8552
7027;1986;5041
4168;1884;2284
6238;2000;4238
10150;6756;3394
8654;342;8312
7883;7269;614
9353;642;8711
19402;9829;9573
9364;5976;3388
7292;7088;204
12308;4735;7573
8461;7445;1016
5475;2162;3313
8161;925;7236
12528;7806;4722
14129;9059;5070
8909;1965;6944
6381;1976;4405
9372;5157;4215
7937;4134;3803
11102;5062;6040
4655;4066;589
4368;286;4082
4602;837;3765
14869;5106;9763
16505;8787;7718
5727;1205;4522
7790;5661;2129
3360;977;2383
15297;7953;7344
10201;5697;4504
10277;9749;528
7572;1074;6498
4505;2538;1967
10924;6837;4087
4265;2265;2000
6276;4047;2229
882;627;255
6855;2162;4693
15494;6159;9335
8162;2774;5388
6453;3879;2574
7510;1385;6125
4126;2959;1167
10497;7630;2867
11970;8545;3425
7008;6682;326
7407;6693;714
5744;965;4779
12244;4313;7931
13373;9730;3643
6387;1170;5217
8461;7916;545
10139;6441;3698
6930;174;6756
9385;1727;7658
5883;5450;433
18252;9912;8340
14992;6286;8706
7824;6762;1062
10046;1835;8211
5495;4514;981
2665;1197;1468
6000;2882;3118
16819;8452;8367
2240;1487;753
18571;9475;9096
6544;228;6316
9089;4507;4582
7895;4163;3732
6915;6105;810
15383;7170;8213
14513;7771;6742
5224;3674;1550
9303;3287;6016
10181;9495;686
10020;4314;5706
9870;69;9801
15719;8891;6828
1968;1938;30
9802;3222;6580
3146;2286;860
8085;2292;5793
4830;2158;2672
18620;9284;9336
14597;6482;8115
13756;6535;7221
8556;1252;7304
13162;5779;7383
9808;6011;3797
15483;5931;9552
5154;1998;3156
8399;532;7867
18752;9770;8982
9864;7738;2126
13034;5169;7865
3665;626;3039
6223;5715;508
18458;9956;8502
7891;7250;641
6223;3839;2384
10891;1982;8909
8622;7661;961
8255;5171;3084
6300;3541;2759
9051;332;8719
11720;7606;4114
9402;220;9182
19384;9932;9452
11315;9977;1338
15573;6650;8923
13001;7077;5924
9476;680;8796
4888;4324;564
7593;4667;2926
16575;6750;9825
9139;7741;1398
10000;8461;1539
16131;8818;7313
4602;40;4562
7462;6683;779
11907;5158;6749
6669;2434;4235
9021;6626;2395
17598;8840;8758
12447;5098;7349
13752;8430;5322
10350;3442;6908
7732;1613;6119
10429;4937;5492
10344;2279;8065
8956;4221;4735
11930;3748;8182
17724;8776;8948
9763;722;9041
15898;7095;8803
16166;8820;7346
15768;8610;7158
5471;3677;1794
15415;8420;6995
3846;772;3074
11522;6614;4908
7854;6127;1727
15552;9625;5927
16066;8959;7107
17654;8550;9104
16044;9342;6702
9071;8594;477
9786;3196;6590
9222;6174;3048
6192;321;5871
8923;8576;347
11424;9693;1731
7410;1329;6081
5889;761;5128
6097;4309;1788
16468;9958;6510
16722;9875;6847
9464;7066;2398
9127;5698;3429
10108;6917;3191
11592;2440;9152
12001;4140;7861
14501;5992;8509
14869;5697;9172
10613;819;9794
6737;22;6715
11920;8182;3738
8849;1991;6858
13544;4531;9013
8099;3371;4728
5469;1146;4323
9967;6123;3844
5408;4659;749
6786;5816;970
11531;9339;2192
7784;131;7653
11348;6063;5285
12088;5591;6497
17354;9069;8285
8404;6320;2084
6018;275;5743
18518;8776;9742
9725;5676;4049
7282;1007;6275
15987;6767;9220
11711;7238;4473
15812;7516;8296
17697;8665;9032
8045;7338;707
6375;5690;685
9206;5060;4146
9537;2144;7393
8994;8161;833
6590;1948;4642
14888;5602;9286
2100;1880;220
9237;2799;6438
10089;922;9167
15850;6473;9377
8742;2756;5986
16562;6962;9600
14338;7983;6355
11323;6004;5319
5022;1837;3185
5023;3964;1059
6930;2598;4332
16947;7962;8985
9448;4932;4516
8343;6046;2297
9746;3914;5832
7370;4794;2576
9961;7618;2343
12709;6577;6132
11159;9021;2138
12396;7053;5343
7966;1439;6527
14377;5727;8650
5906;3101;2805
18509;9677;8832
15968;6766;9202
9220;4788;4432
11034;1528;9506
9504;4572;4932
16886;7138;9748
13783;8824;4959
6021;4332;1689
9139;5700;3439
10872;5643;5229
7817;6345;1472
11910;8702;3208
7256;4187;3069
6783;3596;3187
9925;2062;7863
9877;1737;8140
12167;2558;9609
14114;6350;7764
8379;7653;726
4033;2753;1280
8134;5051;3083
7358;2421;4937
11201;4886;6315
11228;6480;4748
729;700;29
5887;3290;2597
12038;8398;3640
10375;1140;9235
14201;7493;6708
16287;9279;7008
11415;7184;4231
13335;8945;4390
4690;1960;2730
2535;1752;783
5700;694;5006
3636;3391;245
10434;9858;576
3165;2638;527
9304;9178;126
10099;1239;8860
12523;5572;6951
10793;5795;4998
5851;2912;2939
9425;1566;7859
4854;3527;1327
6078;819;5259
14009;8435;5574
10200;7706;2494
7322;5408;1914
12911;5537;7374
12807;9683;3124
15469;5473;9996
6666;4908;1758
15150;8885;6265
2033;128;1905
15504;8320;7184
7168;2740;4428
2650;1590;1060
4110;556;3554
4590;3251;1339
4850;2224;2626
7425;259;7166
5338;75;5263
9905;7006;2899
5416;2112;3304
6620;6299;321
11326;6082;5244
7930;6034;1896
2519;1891;628
13465;4303;9162
17562;9697;7865
6864;3496;3368
2940;2247;693
4789;3904;885
12590;9312;3278
15501;5950;9551
2977;787;2190
5365;4064;1301
7035;5735;1300
13841;6100;7741
3394;709;2685
14970;8180;6790
9833;1046;8787
13573;7076;6497
12010;5534;6476
10577;5806;4771
12645;7991;4654
8643;692;7951
10448;8016;2432
11995;2598;9397
13568;4921;8647
14045;6798;7247
9090;3152;5938
6165;3229;2936
2184;884;1300
8825;3201;5624
10301;2015;8286
11629;3094;8535
9983;1161;8822
7377;3034;4343
12940;7891;5049
6878;2181;4697
9752;714;9038
8964;6441;2523
8162;2890;5272
12002;9875;2127
13041;4506;8535
14810;7069;7741
8644;3202;5442
11372;7249;4123
15148;5600;9548
11592;1726;9866
14794;5024;9770
6014;3542;2472
15634;5861;9773
16054;6105;9949
15840;5873;9967
18114;8639;9475
12936;5027;7909
11841;7217;4624
16732;8789;7943
2607;2257;350
6854;826;6028
4195;1721;2474
8001;1747;6254
16758;9252;7506
14698;5946;8752
8125;4044;4081
9351;5343;4008
7375;1682;5693
6734;1043;5691
7142;4920;2222
10969;9767;1202
11810;8831;2979
15352;8127;7225
11290;7341;3949
9331;1719;7612
12210;9551;2659
6487;5267;1220
7700;1361;6339
5814;1477;4337
12135;9164;2971
10552;3293;7259
14321;8842;5479
3311;561;2750
19576;9894;9682
3995;2724;1271
4953;1866;3087
10123;2375;7748
14818;9012;5806
10212;7303;2909
2123;1666;457
8556;6594;1962
2127;862;1265
13157;5419;7738
15734;6106;9628
1647;471;1176
5466;4716;750
7843;362;7481
14538;9720;4818
12394;4465;7929
7406;3560;3846
19261;9409;9852
16488;7107;9381
11364;2663;8701
12966;6925;6041
3856;1185;2671
11785;8840;2945
11159;2020;9139
11248;7669;3579
6476;5301;1175
9678;6748;2930
6212;3371;2841
4763;1400;3363
6352;5990;362
15450;6833;8617
3064;984;2080
8766;198;8568
13189;3401;9788
11836;5024;6812
12737;7351;5386
10408;8830;1578
12264;5131;7133
12108;7684;4424
6081;1814;4267
9104;7023;2081
11115;1169;9946
14122;9841;4281
3727;1473;2254
11685;7958;3727
14879;9368;5511
3461;81;3380
7393;7052;341
7816;6403;1413
7820;2905;4915
2874;336;2538
14109;7395;6714
18353;8375;9978
1312;522;790
14189;7473;6716
10835;8923;1912
10565;3700;6865
4822;3973;849
15500;9627;5873
15657;5672;9985
6320;2932;3388
8945;2871;6074
3857;2546;1311
4839;845;3994
9487;9400;87
2834;580;2254
11701;4612;7089
5416;2747;2669
18325;9955;8370
15862;7638;8224
9663;1997;7666
13896;4283;9613
8876;4225;4651
14231;5202;9029
13063;9905;3158
8965;4260;4705
5827;1842;3985
14754;7629;7125
8509;3390;5119
10195;6673;3522
4463;1685;2778
13907;6315;7592
17813;9273;8540
13265;9780;3485
4651;1977;2674
10224;7949;2275
3610;1276;2334
6505;5712;793
16449;7608;8841
13021;7818;5203
1586;1448;138
7980;331;7649
10704;3281;7423
9106;430;8676
13983;9000;4983
11135;2227;8908
11044;9284;1760
6728;6409;319
17946;9548;8398
4558;36;4522
8320;1484;6836
11938;4424;7514
9847;5135;4712
8987;7404;1583
9007;1837;7170
8033;5767;2266
13837;4755;9082
2985;664;2321
11597;9028;2569
18409;9295;9114
7874;1216;6658
13293;7386;5907
19163;9961;9202
7193;6470;723
2821;2459;362
13889;9438;4451
14321;5507;8814
13664;4666;8998
17083;9654;7429
5608;4120;1488
8644;4429;4215
8020;7937;83
2105;1830;275
3967;2894;1073
15937;7189;8748
8761;3332;5429
12926;4776;8150
1303;733;570
2904;1676;1228
4257;2082;2175
16109;6755;9354
5695;2750;2945
13913;8699;5214
15963;9113;6850
1609;762;847
12528;6483;6045
19386;9670;9716
9481;4713;4768
10166;8544;1622
740;527;213
14308;5812;8496
7651;7530;121
13292;7351;5941
4684;4577;107
7496;4470;3026
12686;4563;8123
13778;9229;4549
7247;2780;4467
5003;1109;3894
16657;7472;9185
13879;9962;3917
11319;2256;9063
10056;1475;8581
16741;8352;8389
10283;2954;7329
7511;4526;2985
13047;3810;9237
5693;3657;2036
11381;9238;2143
16286;8914;7372
8702;7622;1080
11923;6494;5429
11827;3279;8548
6455;2965;3490
7619;2648;4971
9284;8369;915
12893;9383;3510
10876;9172;1704
4988;3668;1320
10729;6187;4542
4085;3823;262
9397;8570;827
3281;2166;1115
9606;8048;1558
14222;6007;8215
15214;5904;9310
14808;9132;5676
15620;9686;5934
11167;6764;4403
11511;7843;3668
10985;6386;4599
16145;9959;6186
13237;3361;9876
12678;8240;4438
5551;4467;1084
8631;757;7874
3852;3453;399
17461;9017;8444
12485;6124;6361
6720;4557;2163
10866;3195;7671
15380;7478;7902
13688;9455;4233
6842;1154;5688
5358;4962;396
2282;1448;834
4390;4327;63
10511;4444;6067
15011;6199;8812
18028;8252;9776
11261;5388;5873
12382;3432;8950
9923;4362;5561
5497;3334;2163
15678;6736;8942
15133;7810;7323
8195;1494;6701
6699;6272;427
9574;8847;727
10667;9777;890
13540;5633;7907
15990;8332;7658
10114;9522;592
11709;7522;4187
7752;5143;2609
7158;5991;1167
8701;3694;5007
16074;9357;6717
3545;2651;894
10576;9138;1438
13663;4082;9581
14185;8729;5456
8968;5902;3066
14514;4952;9562
13431;9390;4041
13389;8703;4686
16565;8225;8340
7454;6525;929
7690;2373;5317
15361;9725;5636
2511;2086;425
16224;9742;6482
8634;6213;2421
6603;5366;1237
790;260;530
12334;8767;3567
5099;3072;2027
8831;5460;3371
19117;9747;9370
7163;3847;3316
6105;5792;313
6910;847;6063
13858;7910;5948
17290;9819;7471
8933;6695;2238
6850;263;6587
15315;9495;5820
17681;9793;7888
8065;1106;6959
8951;4878;4073
6725;417;6308
12360;3028;9332
8229;3127;5102
7103;5237;1866
11667;9096;2571
12867;3000;9867
14453;9447;5006
8289;4249;4040
15473;9250;6223
10376;8779;1597
3714;1309;2405
19525;9550;9975
12626;5119;7507
11951;4673;7278
7200;5269;1931
19490;9585;9905
7900;640;7260
10814;7529;3285
10742;6249;4493
11127;4697;6430
9572;2849;6723
13971;4052;9919
8948;4868;4080
7717;7520;197
9869;2667;7202
5877;2027;3850
6955;1133;5822
13241;3447;9794
15599;9216;6383
15610;7417;8193
4845;4458;387
15679;8886;6793
10256;8490;1766
8223;4795;3428
6343;5392;951
18778;8910;9868
8847;4230;4617
3221;743;2478
11853;4001;7852
7415;251;7164
9706;7288;2418
7020;2004;5016
3436;2532;904
15213;7182;8031
12790;5812;6978
4940;1227;3713
18509;9051;9458
8838;5360;3478
10793;6131;4662
10589;3519;7070
13940;5099;8841
15235;8203;7032
10162;9397;765
6655;6046;609
8723;3939;4784
4621;455;4166
6035;335;5700
7784;6978;806
5559;5531;28
10932;9739;1193
12619;3128;9491
15656;7711;7945
9803;1677;8126
9328;1918;7410
17640;9361;8279
17606;8589;9017
8268;3756;4512
18249;9912;8337
7911;778;7133
15899;8476;7423
14943;6772;8171
10340;3870;6470
8379;6237;2142
8355;411;7944
10729;7385;3344
6230;1007;5223
6428;1358;5070
7019;1669;5350
9146;467;8679
8803;994;7809
2737;1810;927
12682;5524;7158
11083;3312;7771
14497;7377;7120
10566;3400;7166
11090;9628;1462
16280;8696;7584
5867;382;5485
13455;6325;7130
16691;9262;7429
14300;9527;4773
17493;8422;9071
18755;8801;9954
11178;2316;8862
14769;8812;5957
12931;5085;7846
12684;7428;5256
6529;5796;733
15708;7485;8223
11655;9025;2630
4656;2610;2046
16088;9563;6525
9915;295;9620
11019;6823;4196
3336;1226;2110
4080;3608;472
8786;5418;3368
7996;7369;627
1282;1228;54
6944;5160;1784
18339;8382;9957
12270;4361;7909
9840;521;9319
8904;6895;2009
18671;9546;9125
10606;2699;7907
11045;6750;4295
4486;4442;44
9855;8705;1150
4853;1317;3536
18190;9742;8448
14853;6235;8618
8377;2770;5607
12602;8286;4316
14689;8212;6477
12744;6653;6091
8883;40;8843
6749;3266;3483
18158;9133;9025
11085;3043;8042
16962;8248;8714
10997;1321;9676
12934;3922;9012
7550;5125;2425
11766;8525;3241
9990;5335;4655
7896;5147;2749
11714;7853;3861
11639;5427;6212
1924;1699;225
4589;1783;2806
11523;6199;5324
17056;9333;7723
15021;7569;7452
8139;1877;6262
8300;4040;4260
3502;2574;928
14999;8683;6316
7150;4387;2763
5843;3729;2114
17170;8877;8293
11408;1793;9615
13722;7078;6644
10494;2921;7573
3867;1395;2472
13139;5502;7637
4899;1490;3409
6059;4936;1123
12748;7291;5457
14253;5123;9130
12912;6769;6143
5493;1429;4064
12069;9058;3011
13982;7292;6690
15305;6387;8918
5617;4260;1357
16377;8670;7707
823;371;452
8878;8831;47
18168;8778;9390
6940;6071;869
13215;9397;3818
8286;738;7548
6592;3002;3590
8726;2831;5895
7849;5105;2744
8805;330;8475
12595;6438;6157
10995;7997;2998
9830;1692;8138
10999;3093;7906
7602;2153;5449
13325;3360;9965
11376;7078;4298
13349;9139;4210
14439;4514;9925
8582;3871;4711
14884;6530;8354
2749;37;2712
11405;7287;4118
6648;6425;223
7846;5225;2621
10431;8550;1881
10113;4440;5673
10365;1763;8602
10167;568;9599
7891;6659;1232
10645;4057;6588
6257;3905;2352
8548;2242;6306
10571;4301;6270
5863;64;5799
6363;6124;239
4827;4271;556
13373;5444;7929
7978;7656;322
9170;299;8871
9819;8062;1757
7387;3964;3423
11586;2061;9525
14998;6359;8639
11301;2099;9202
12592;3688;8904
8696;3562;5134
9139;5419;3720
5000;3269;1731
13582;9954;3628
3560;859;2701
9420;2067;7353
11697;5073;6624
17992;8858;9134
5702;792;4910
15630;9233;6397
10353;9257;1096
11995;2030;9965
8588;3146;5442
9546;468;9078
6884;85;6799
4386;2224;2162
7167;3577;3590
12100;8872;3228
15702;8155;7547
10942;8401;2541
5498;4574;924
8424;3861;4563
2525;502;2023
9481;2372;7109
13466;7224;6242
14778;6258;8520
8578;5577;3001
13493;5972;7521
9121;5722;3399
19551;9580;9971
8452;5274;3178
18283;9839;8444
9573;4597;4976
12184;4518;7666
15706;7833;7873
10896;2838;8058
7876;5336;2540
9752;1163;8589
8260;5381;2879
14840;5789;9051
7070;2029;5041
4130;2162;1968
13821;7539;6282
13407;7489;5918
13142;5152;7990
5311;4213;1098
17068;9737;7331
16307;8394;7913
11024;5758;5266
3601;321;3280
5841;1001;4840
9963;3928;6035
6893;6008;885
15553;9889;5664
3886;193;3693
13388;8128;5260
17591;9301;8290
11884;6793;5091
8429;7944;485
15490;7270;8220
18805;9795;9010
4852;3658;1194
13292;9264;4028
8662;4057;4605
7258;6538;720
6390;545;5845
7559;6258;1301
6617;1838;4779
8231;5431;2800
18137;8459;9678
9918;3373;6545
16291;9600;6691
16382;8977;7405
3891;2942;949
12182;6291;5891
12563;5538;7025
12269;4073;8196
11245;2766;8479
6117;2344;3773
12509;6589;5920
13364;6998;6366
8994;6965;2029
13678;5419;8259
8648;6224;2424
14138;6527;7611
13530;8784;4746
13481;8585;4896
9751;8601;1150
14043;7750;6293
17539;7857;9682
15713;6685;9028
3851;419;3432
2019;1674;345
7462;862;6600
6897;256;6641
3711;3242;469
10470;4792;5678
12730;4251;8479
3387;2656;731
12922;6030;6892
16032;7994;8038
3455;1476;1979
13169;6482;6687
12086;9720;2366
4507;2072;2435
12461;8922;3539
1720;1208;512
18864;9331;9533
15011;5262;9749
13011;8530;4481
4434;33;4401
13146;9777;3369
15595;8800;6795
15079;6298;8781
6367;489;5878
12821;8443;4378
9368;6457;2911
10881;9721;1160
18069;9774;8295
3141;2786;355
5352;4646;706
10842;6680;4162
19128;9170;9958
16720;6851;9869
11968;5141;6827
12569;9038;3531
12198;8637;3561
5198;2692;2506
5628;5578;50
13964;8765;5199
7109;5584;1525
3697;3623;74
12991;3606;9385
13009;9694;3315
11217;8254;2963
7715;6111;1604
13040;8658;4382
10533;2555;7978
17345;8898;8447
14566;4769;9797
16422;8385;8037
4780;1304;3476
18545;8668;9877
7427;5799;1628
4016;2274;1742
18198;9875;8323
13343;5964;7379
8970;6566;2404
5907;3073;2834
9950;3469;6481
10864;4764;6100
14223;6280;7943
5477;2542;2935
9660;1463;8197
15923;7550;8373
9566;3599;5967
13528;6586;6942
1931;837;1094
9748;5522;4226
5020;2736;2284
6804;2506;4298
9956;6358;3598
8036;7842;194
14361;6996;7365
16010;7600;8410
14710;9645;5065
3024;423;2601
12923;4917;8006
14596;8603;5993
11254;8345;2909
9242;7250;1992
11984;7786;4198
12192;8203;3989
11878;7853;4025
14035;4288;9747
5854;1931;3923
14038;8136;5902
16869;7093;9776
2222;820;1402
10464;6207;4257
8443;2826;5617
3547;1090;2457
6087;1345;4742
16032;7467;8565
10977;6842;4135
12916;3881;9035
3618;3495;123
13319;8162;5157
7784;7520;264
6087;3949;2138
532;459;73
7862;644;7218
2986;2125;861
10818;5594;5224
13173;6244;6929
6292;3028;3264
9610;4944;4666
9887;6589;3298
9441;8852;589
2399;228;2171
8634;2391;6243
12063;6689;5374
2368;279;2089
11145;2146;8999
6087;195;5892
6043;3499;2544
7872;2709;5163
16683;8362;8321
9053;5315;3738
15027;6428;8599
13622;5618;8004
12701;5904;6797
13270;4859;8411
5129;4205;924
12843;7355;5488
2672;495;2177
10202;7316;2886
12927;4424;8503
7669;3649;4020
10882;3658;7224
5591;4756;835
12805;3518;9287
15697;9688;6009
5286;5178;108
4958;3321;1637
10571;7294;3277
5511;4178;1333
8338;6586;1752
16305;6720;9585
17151;7475;9676
17369;9129;8240
6507;4872;1635
5285;5128;157
293;232;61
8911;8141;770
9396;6734;2662
13648;5082;8566
12496;3318;9178
13525;3563;9962
17128;9943;7185
1230;386;844
5198;1235;3963
13300;3893;9407
14446;6622;7824
3951;1292;2659
12724;9668;3056
5411;3927;1484
16753;8983;7770
2397;270;2127
8956;2968;5988
7720;3282;4438
9676;3480;6196
9178;2885;6293
7524;5213;2311
7035;603;6432
12006;6910;5096
7324;3507;3817
8664;6608;2056
9773;3103;6670
5582;5022;560
12692;5247;7445
18405;9022;9383
12934;8153;4781
13513;7230;6283
10536;2606;7930
9625;2315;7310
18399;9196;9203
9834;6836;2998
11842;9240;2602
4874;4758;116
4950;4472;478
14711;5334;9377
-6163;-10714;4551
13082;-1342;14424
-10767;2965;-13732
3172;7820;-4648
12367;-7404;19771
1562;-9393;10955
-3704;-2662;-1042
-13152;5710;-18862
572;-5801;6373
2802;-14217;17019
-6444;-4894;-1550
-9093;11369;-20462
3783;-7465;11248
-14581;-12393;-2188
914;-2125;3039
3959;-9048;13007
9283;-14825;24108
-485;7890;-8375
6504;-1202;7706
8785;9333;-548
-9253;10367;-19620
-7058;2227;-9285
5461;-1664;7125
14826;-8664;23490
-11099;-2472;-8627
-14489;-9804;-4685
-9752;-1625;-8127
-8637;-6265;-2372
-1564;706;-2270
-6228;14482;-20710
12325;2868;9457
9235;12147;-2912
7162;-4629;11791
870;-9681;10551
6350;-7523;13873
-4865;10129;-14994
-13564;12219;-25783
2793;-3344;6137
-3165;5601;-8766
-10135;6332;-16467
2359;2036;323
-8810;6097;-14907
-646;-7338;6692
-13079;-8184;-4895
-11623;1935;-13558
12238;-5227;17465
-4728;11615;-16343
4376;7073;-2697
-5512;-11468;5956
-11768;-4218;-7550
4565;4392;173
-11995;1182;-13177
7183;-8429;15612
14313;2420;11893
5209;-6137;11346
5172;5156;16
13876;14684;-808
7288;-3795;11083
-2510;5161;-7671
9319;-5525;14844
-9262;-8498;-764
-9134;-8497;-637
-8988;2645;-11633
-5252;-2146;-3106
-11297;-5362;-5935
-8341;4412;-12753
-8752;-5157;-3595
10902;-2027;12929
-14528;-13660;-868
5497;3790;1707
10253;-9320;19573
-12633;-8483;-4150
12638;11165;1473
6722;-10289;17011
-9724;4200;-13924
10896;14651;-3755
7702;3035;4667
-3109;-2604;-505
-3161;11657;-14818
-8416;2202;-10618
4389;-12298;16687
1224;-5788;7012
4234;-2756;6990
9170;-3722;12892
14578;-14316;28894
221;-11314;11535
3042;14055;-11013
-3489;4594;-8083
-5402;-12499;7097
-4265;-14704;10439
8838;2065;6773
-8822;-7133;-1689
-5247;-6524;1277
2780;7061;-4281
-11186;-4813;-6373
3506;551;2955
-629;-4142;3513
-13580;6089;-19669
-12478;11837;-24315
14943;-10306;25249
243;-1661;1904
-14145;9461;-23606
-14049;4432;-18481
-14022;6421;-20443
-668;-10242;9574
-4784;-1244;-3540
-1773;-9117;7344
-9857;7588;-17445
10333;14741;-4408
-11227;-2356;-8871
3876;-1016;4892
6423;-14634;21057
10029;-1999;12028
-4803;-5053;250
-11192;11708;-22900
-5343;9027;-14370
9547;1680;7867
-12690;-3499;-9191
-9652;-3568;-6084
-1813;-969;-844
5470;-9620;15090
-4387;14856;-19243
-3877;11732;-15609
8671;12207;-3536
5622;-3440;9062
6150;8380;-2230
-2543;13275;-15818
-1540;10263;-11803
-6459;-12685;6226
-8051;-3087;-4964
-14323;12498;-26821
-6214;727;-6941
-725;-10302;9577
1017;2576;-1559
-412;-8674;8262
-3092;-1150;-1942
1793;381;1412
7792;5451;2341
-13137;12555;-25692
3899;5581;-1682
13176;1428;11748
-3150;-7222;4072
-10197;-4428;-5769
-7464;5843;-13307
3520;-10908;14428
-1103;-2608;1505
-7188;7199;-14387
-1115;-9937;8822
-5813;6096;-11909
-10942;-12847;1905
-1802;9306;-11108
-4779;9532;-14311
-10389;-514;-9875
-3204;-12773;9569
-12071;-13824;1753
13275;-4378;17653
5088;-10364;15452
-4582;-3207;-1375
-32;-2959;2927
10974;-1204;12178
5565;10201;-4636
-6405;-5479;-926
4119;13335;-9216
-1611;-14677;13066
2234;13557;-11323
-8146;12565;-20711
4463;1772;2691
227;-3477;3704
6875;11919;-5044
-8362;10338;-18700
-43;11616;-11659
-14813;-8145;-6668
7642;-4030;11672
-3563;11169;-14732
11241;6359;4882
-5537;-5929;392
7643;-13514;21157
4621;-7087;11708
-11859;730;-12589
11573;-13775;25348
14506;-13710;28216
1053;7323;-6270
-6965;8856;-15821
14063;-8038;22101
-8754;-1296;-7458
6464;12140;-5676
-14163;-3598;-10565
10033;3343;6690
7887;-5224;13111
4423;-610;5033
-6533;8538;-15071
-6497;8994;-15491
-4479;-13006;8527
-11938;1381;-13319
6247;5897;350
-7933;12969;-20902
-3646;-13289;9643
-8437;-506;-7931
13582;-5131;18713
14135;-3906;18041
982;-8969;9951
9100;469;8631
5058;4244;814
14820;297;14523
-9018;-1607;-7411
9727;1759;7968
-4880;2845;-7725
-221;14249;-14470
-8002;7372;-15374
11466;382;11084
8849;2249;6600
295;12708;-12413
14251;14459;-208
1072;6094;-5022
-3460;-8713;5253
5543;4633;910
3518;6557;-3039
-14491;-10083;-4408
1175;11182;-10007
-3603;-3865;262
-8638;-12858;4220
-7118;9264;-16382
11962;-6559;18521
-10138;-7726;-2412
1232;-14239;15471
4307;-11984;16291
2394;-9173;11567
4683;1476;3207
-10478;10051;-20529
10908;-1920;12828
-12396;3163;-15559
-914;2617;-3531
-6941;573;-7514
-10381;2322;-12703
-5807;962;-6769
-5320;-6700;1380
-529;10422;-10951
13098;-14127;27225
320;-10673;10993
-8241;-955;-7286
10366;-993;11359
7692;-9901;17593
-12729;10053;-22782
-9519;4754;-14273
-9427;10613;-20040
-14792;11384;-26176
-10522;-9344;-1178
10342;1977;8365
-11343;-10259;-1084
-14376;3346;-17722
13677;-7851;21528
-1532;-11725;10193
-2901;11562;-14463
5984;-1509;7493
-13002;11952;-24954
-11130;12417;-23547
-12181;-1136;-11045
9319;-4581;13900
13022;-1995;15017
-2618;-12805;10187
-14931;206;-15137
7931;13483;-5552
14981;2797;12184
4588;12811;-8223
-14173;7436;-21609
14308;7849;6459
12794;-8479;21273
-2888;-198;-2690
-13157;8541;-21698
-10587;13315;-23902
-9134;-7494;-1640
-532;9533;-10065
-1111;4234;-5345
-2683;-1891;-792
-6495;-4771;-1724
-8167;-9979;1812
4650;-14937;19587
1870;-6410;8280
-5564;118;-5682
3552;-12152;15704
-11930;1802;-13732
6169;3205;2964
7108;-5096;12204
14881;-14945;29826
-8322;2965;-11287
9962;5474;4488
11337;7339;3998
4803;14742;-9939
3930;-9774;13704
-3979;-462;-3517
13040;8625;4415
3145;10567;-7422
12416;-6207;18623
-10842;923;-11765
-3958;-4543;585
11075;8513;2562
12378;-8290;20668
-6539;11313;-17852
11153;5278;5875
3814;-7465;11279
9861;-93;9954
-11805;-2726;-9079
13386;-10487;23873
7242;-5541;12783
1974;-9460;11434
-8307;10940;-19247
6848;12353;-5505
-3910;9060;-12970
6310;13196;-6886
5906;5902;4
3466;4124;-658
-8659;-9872;1213
-5877;3786;-9663
5989;712;5277
590;-4569;5159
2652;6943;-4291
8666;-13142;21808
5974;4258;1716
-8840;-4784;-4056
9982;10933;-951
-1661;-1724;63
3424;7374;-3950
547;14418;-13871
4520;-14991;19511
-3977;928;-4905
4728;-14270;18998
-6735;6588;-13323
-14666;13103;-27769
-5099;10411;-15510
-2495;13532;-16027
1044;-7819;8863
-4159;13244;-17403
9746;-8426;18172
12707;-13948;26655
1274;-7668;8942
-8189;14608;-22797
-4463;-13289;8826
-9831;9984;-19815
3706;832;2874
13441;-10515;23956
13887;13328;559
3218;-5108;8326
-7025;4720;-11745
-10323;-13556;3233
14436;-12688;27124
1223;-14497;15720
6987;-6780;13767
-3548;502;-4050
-5987;-4425;-1562
-13152;-1428;-11724
452;-4811;5263
-13250;-12700;-550
1109;11136;-10027
-313;10434;-10747
-9221;-10748;1527
10922;-6798;17720
-2812;-8752;5940
-4358;1961;-6319
-5858;11542;-17400
-6862;6104;-12966
1233;-11652;12885
-9809;-11578;1769
2313;3560;-1247
10787;-3995;14782
9856;-1211;11067
2149;2729;-580
2515;-1311;3826
14060;-5336;19396
4796;-2807;7603
-1243;14150;-15393
-10214;14526;-24740
9134;-4768;13902
8001;-3304;11305
12782;-4825;17607
8582;-6483;15065
3774;-9032;12806
-338;-1746;1408
-1969;-1791;-178
-12024;14698;-26722
-1985;-9186;7201
12700;3979;8721
4057;11285;-7228
13413;-9428;22841
1657;-8569;10226
248;4744;-4496
-11654;-7882;-3772
352;312;40
-11987;11210;-23197
7346;3419;3927
-7643;14694;-22337
-4689;-14743;10054
8401;521;7880
13815;4150;9665
-6711;-12347;5636
3508;-7154;10662
8946;-10925;19871
-5649;-2142;-3507
3543;9329;-5786
-9919;6644;-16563
-5024;-12235;7211
-14528;-14094;-434
9338;14489;-5151
9062;-11313;20375
14771;-8270;23041
12342;-7685;20027
-6329;7592;-13921
-5537;6424;-11961
9808;12744;-2936
-14748;7810;-22558
-14823;-10753;-4070
3191;-9897;13088
-13941;-6358;-7583
-14966;-6016;-8950
1226;4305;-3079
-6551;14364;-20915
-6822;-8871;2049
-548;8386;-8934
295;-437;732
10068;-1544;11612
-13688;-14834;1146
8346;14236;-5890
6014;-14353;20367
-8620;429;-9049
-11372;4066;-15438
-4539;-823;-3716
4245;162;4083
9285;8108;1177
13013;-7828;20841
-8946;4684;-13630
-11193;-5190;-6003
7735;-7620;15355
12898;-9680;22578
7503;4318;3185
8232;7764;468
-13614;5729;-19343
5780;14125;-8345
3067;8631;-5564
-1951;-4070;2119
-986;4828;-5814
-6746;11014;-17760
-4082;6935;-11017
2883;-7588;10471
-8314;-6126;-2188
4361;460;3901
-178;8491;-8669
-10064;4424;-14488
10035;9796;239
-11483;-14613;3130
-11834;-13056;1222
-3762;13145;-16907
8887;499;8388
1273;-14955;16228
5885;13716;-7831
-13518;4596;-18114
1888;-3704;5592
7509;-14305;21814
-10273;671;-10944
-5081;8762;-13843
-3737;6571;-10308
-7301;7493;-14794
14884;10217;4667
-11891;9614;-21505
4540;13277;-8737
4186;-13707;17893
-8866;1230;-10096
-6992;12115;-19107
-12097;9528;-21625
12929;7363;5566
11787;-14132;25919
9378;14279;-4901
-1814;-3843;2029
-14378;-10829;-3549
-14114;-7216;-6898
10496;-3098;13594
-12257;5835;-18092
-13146;-12288;-858
-14656;-9409;-5247
3145;-12997;16142
-12356;-3789;-8567
9702;-2521;12223
-7414;-14810;7396
2342;-8972;11314
4434;4879;-445
1477;-7637;9114
12640;716;11924
1913;-10875;12788
6984;8402;-1418
12646;-12530;25176
-326;-4241;3915
9179;-5221;14400
7775;-310;8085
-13833;-7419;-6414
-4545;-7142;2597
-11752;-5824;-5928
7087;12218;-5131
13979;11920;2059
3555;9305;-5750
-4167;-6478;2311
-13113;5347;-18460
-14420;-7403;-7017
-732;6726;-7458
-10208;6136;-16344
-8327;-5870;-2457
-12601;-13055;454
4461;6116;-1655
11389;9727;1662
-4183;7284;-11467
-11256;-11095;-161
-7746;-5500;-2246
-10079;-6532;-3547
-11378;-3326;-8052
-2349;12007;-14356
-2576;8040;-10616
-2520;-6825;4305
9227;13105;-3878
3174;-8761;11935
-11794;-10776;-1018
7551;-817;8368
-13444;-6625;-6819
-2144;9392;-11536
-9130;8767;-17897
2597;4399;-1802
14973;-4478;19451
13975;10373;3602
-13661;-9109;-4552
8227;76;8151
3788;13140;-9352
-12059;12923;-24982
-6897;4132;-11029
1838;2778;-940
13384;-12254;25638
-5657;-4563;-1094
9250;-11363;20613
387;13730;-13343
9733;10307;-574
3483;-13110;16593
-6877;9755;-16632
9844;3746;6098
-11336;11152;-22488
1242;4137;-2895
-5611;11555;-17166
10070;11569;-1499
-5621;10376;-15997
-4082;-5484;1402
-12304;11970;-24274
2598;-4109;6707
-5660;-10743;5083
-11977;-941;-11036
-13050;9887;-22937
-8141;-7404;-737
-11670;-7531;-4139
-1776;5883;-7659
-10867;12345;-23212
9291;4194;5097
-9851;5778;-15629
9372;11933;-2561
-8609;-6672;-1937
-266;2906;-3172
13813;1169;12644
3816;9863;-6047
-8474;4239;-12713
9432;5573;3859
-10225;11585;-21810
-7232;-1275;-5957
4970;12132;-7162
-773;4391;-5164
10313;-11231;21544
11842;-3147;14989
12257;3574;8683
12489;3496;8993
-2966;-2714;-252
-2817;-2158;-659
-12592;-372;-12220
-7743;4732;-12475
900;10343;-9443
-11955;3138;-15093
13312;14517;-1205
-455;1948;-2403
1078;-3822;4900
12682;5426;7256
3760;12749;-8989
900;-9414;10314
11878;2235;9643
-5922;-635;-5287
4153;-14879;19032
-10827;-5718;-5109
1216;-1134;2350
-84;11603;-11687
1681;-1652;3333
10550;330;10220
-5173;-5749;576
7128;8961;-1833
-6269;8901;-15170
13697;7288;6409
3446;-1570;5016
-10060;13338;-23398
-3226;13328;-16554
-578;-6745;6167
10855;2446;8409
-4220;-14650;10430
7876;1726;6150
2956;2287;669
14886;-3982;18868
7215;6399;816
13107;3180;9927
4142;11062;-6920
8868;3985;4883
-1971;-5407;3436
11298;-12441;23739
-12456;-8017;-4439
10454;10062;392
11622;-769;12391
-2829;-1039;-1790
2069;-14969;17038
-7436;9238;-16674
12350;6625;5725
-9730;10746;-20476
5016;-8033;13049
-11405;13704;-25109
11042;-6317;17359
-8880;2220;-11100
-614;-14035;13421
-11738;7882;-19620
-13205;11669;-24874
5213;1878;3335
5886;1305;4581
-2165;7257;-9422
-9363;-14767;5404
-8070;-3825;-4245
420;2915;-2495
-1791;-14350;12559
-13124;3353;-16477
12814;-2331;15145
3939;338;3601
13639;2217;11422
13300;13071;229
-1438;1828;-3266
-13608;14175;-27783
-8205;-3557;-4648
-4440;5201;-9641
-3868;-8312;4444
-5270;-12141;6871
-4974;-8295;3321
10109;-4930;15039
1477;1878;-401
5061;-11421;16482
-6227;13394;-19621
-4478;5556;-10034
-12106;-4686;-7420
-13422;14185;-27607
-8216;14438;-22654
11843;5681;6162
5047;-6548;11595
221;-4270;4491
-12762;8856;-21618
11266;-2691;13957
-14623;-5930;-8693
-3539;-275;-3264
-11295;-13324;2029
8888;161;8727
-4957;-9889;4932
12458;13531;-1073
12070;-12590;24660
12507;-5924;18431
-7661;731;-8392
11908;4811;7097
-3655;2847;-6502
4088;-13134;17222
10236;134;10102
2732;6635;-3903
-833;-707;-126
12183;-8919;21102
-11721;14880;-26601
-4706;11777;-16483
5775;5249;526
7953;11359;-3406
11101;-5824;16925
-14212;-7341;-6871
-11268;-9493;-1775
-12782;8125;-20907
13877;3047;10830
12129;-14339;26468
-8894;-7308;-1586
1361;1408;-47
-6693;-8321;1628
-8095;-8467;372
14033;1340;12693
-3980;-10089;6109
8907;-12416;21323
10559;4623;5936
1818;-3523;5341
-6395;-13660;7265
327;4333;-4006
-5034;-5172;138
377;-564;941
12324;255;12069
13733;6610;7123
7194;10090;-2896
7677;3927;3750
-2681;11398;-14079
-14979;-13564;-1415
-2487;970;-3457
2867;13520;-10653
1301;-7283;8584
6791;10968;-4177
5934;13670;-7736
-13352;-9803;-3549
3026;-3576;6602
4560;-3620;8180
5453;-632;6085
793;-9933;10726
-12588;-11115;-1473
-14875;-5870;-9005
4289;10347;-6058
-11005;11984;-22989
-374;14681;-15055
12062;-5902;17964
-12841;5850;-18691
13102;-14309;27411
1778;6270;-4492
-5555;-13844;8289
-2563;10228;-12791
-14825;11508;-26333
5938;3270;2668
101;14520;-14419
5356;10383;-5027
-7740;-10727;2987
2615;-2580;5195
10924;-6889;17813
4033;8298;-4265
5643;-7974;13617
14207;8937;5270
1929;10100;-8171
-11695;-13426;1731
662;-10804;11466
14796;-14246;29042
-7085;12542;-19627
-9470;11052;-20522
10079;10085;-6
-12861;1336;-14197
902;4146;-3244
-7172;-14216;7044
5711;-4717;10428
-4047;14941;-18988
7211;-4690;11901
-5536;-1758;-3778
11524;-6708;18232
-4356;12623;-16979
2650;-14790;17440
5117;1743;3374
2182;3163;-981
7353;13942;-6589
-10077;1357;-11434
14339;-736;15075
2703;-7563;10266
-4684;-11823;7139
-8302;14510;-22812
-11707;-13108;1401
-1484;10485;-11969
-11613;3112;-14725
-12137;-14496;2359
2531;-4600;7131
-4711;14090;-18801
-12565;2729;-15294
10397;-6464;16861
-11388;12236;-23624
11720;1346;10374
-512;10265;-10777
9857;13555;-3698
12804;-4252;17056
3020;-14770;17790
-6582;-3565;-3017
-1274;-5836;4562
-1750;-11791;10041
4977;-9444;14421
12337;7395;4942
4177;11364;-7187
6750;4862;1888
14775;-8832;23607
13936;-1907;15843
-1094;3511;-4605
4071;-4465;8536
-5962;-8562;2600
-955;4104;-5059
-11165;9115;-20280
7949;405;7544
-10237;-13518;3281
-514;-8302;7788
-10122;11508;-21630
-2626;8499;-11125
-3488;-3363;-125
6346;13174;-6828
8542;-2528;11070
-5958;8604;-14562
-607;-13984;13377
8081;9554;-1473
4201;-13121;17322
-6860;-8372;1512
4788;-1428;6216
2070;2538;-468
-11260;-9283;-1977
-3644;120;-3764
-8954;3233;-12187
10114;10169;-55
10211;-14611;24822
-3465;10402;-13867
10038;7127;2911
9603;3445;6158
14229;3405;10824
8917;-4496;13413
10691;184;10507
-14036;5074;-19110
-12368;-5546;-6822
-9246;-12864;3618
-682;5358;-6040
-14513;13926;-28439
-5335;-7486;2151
-12146;-14634;2488
-5452;-2274;-3178
-6905;7470;-14375
-6935;8962;-15897
-6598;-13829;7231
9580;1078;8502
788;4805;-4017
-7143;-8962;1819
14495;11962;2533
263;-13114;13377
13121;10368;2753
3526;-839;4365
9;8788;-8779
-3751;-2991;-760
3740;1749;1991
1598;2714;-1116
998;-1933;2931
-449;3317;-3766
3328;13368;-10040
-10245;3941;-14186
14416;7343;7073
-3632;-13688;10056
11489;-1930;13419
-2940;-5610;2670
12484;-6413;18897
-5368;-2984;-2384
2441;-3429;5870
9315;7419;1896
5226;-6787;12013
-14316;-9673;-4643
-1053;9151;-10204
-4444;1716;-6160
8049;2926;5123
-5188;-4190;-998
10485;-11836;22321
-38;-6670;6632
-9043;-2554;-6489
562;10709;-10147
4830;14904;-10074
14746;13592;1154
14157;-6737;20894
6670;-10730;17400
-6511;-5447;-1064
9743;-8149;17892
1661;4585;-2924
-4054;-8701;4647
-14202;-13547;-655
11849;6910;4939
-14723;-3208;-11515
-2257;-10763;8506
-10434;6270;-16704
13011;-7358;20369
3501;5260;-1759
-945;-7912;6967
-3474;6863;-10337
6595;3274;3321
-8128;-10474;2346
11400;11828;-428
12847;-10244;23091
-13923;13285;-27208
-13640;14004;-27644
3371;12979;-9608
-9509;-9412;-97
13457;13345;112
10220;-503;10723
12138;-291;12429
-8304;-4423;-3881
-11406;-14588;3182
-6391;-12757;6366
-153;-3701;3548
-6222;-6735;513
1276;6865;-5589
7802;-589;8391
-12786;-5836;-6950
-8669;-435;-8234
-8411;14543;-22954
10551;-10271;20822
-8985;-13875;4890
-13160;-9650;-3510
-11116;1279;-12395
7577;2648;4929
10018;950;9068
9977;2267;7710
-1490;2965;-4455
2454;3458;-1004
7976;-5434;13410
-14777;-8496;-6281
-14974;8924;-23898
-2674;2712;-5386
9608;-1479;11087
237;-12293;12530
3537;3157;380
4193;-802;4995
-5407;8089;-13496
9111;-2523;11634
-9439;8834;-18273
-10561;9358;-19919
2625;-12808;15433
-8272;-2215;-6057
14118;-14218;28336
-7230;-6189;-1041
-657;-12117;11460
-13221;2760;-15981
6745;-2654;9399
-10234;8432;-18666
-5558;-2701;-2857
-14700;2697;-17397
1216;3664;-2448
-3189;10253;-13442
-8374;13474;-21848
4564;12597;-8033
-1769;1011;-2780
-11200;1097;-12297
-12780;899;-13679
-5561;9094;-14655
11246;-2943;14189
11097;-11772;22869
-10547;-8636;-1911
10631;1509;9122
6723;71;6652
-11647;6313;-17960
-9660;-7451;-2209
9297;-11942;21239
-4583;10398;-14981
-12608;4601;-17209
12403;5057;7346
3151;7320;-4169
-12750;-8219;-4531
3637;1614;2023
13417;7101;6316
-4641;-4703;62
-1984;-182;-1802
6319;3820;2499
-6806;-3652;-3154
4051;-12506;16557
-14544;-8132;-6412
5725;-2174;7899
5289;892;4397
83;-10549;10632
-7760;1113;-8873
3609;17;3592
8236;-5026;13262
1923;10315;-8392
-14441;273;-14714
11154;-5308;16462
13102;2109;10993
2385;163;2222
5172;-6512;11684
-596;2752;-3348
-9358;14735;-24093
-1605;1763;-3368
9705;10843;-1138
-3344;2548;-5892
-11550;8048;-19598
11824;-11338;23162
-11574;1484;-13058
-12002;-3929;-8073
-14395;-7354;-7041
-6012;-3848;-2164
-12497;-1929;-10568
-2628;6228;-8856
-3168;9953;-13121
9155;-12983;22138
14571;-11905;26476
-9559;1769;-11328
-4064;-14751;10687
4411;-14195;18606
11005;-7159;18164
8664;-13042;21706
7499;3290;4209
2375;-11592;13967
-667;6831;-7498
-9085;1435;-10520
-5185;-14975;9790
223;1513;-1290
6998;-8582;15580
-4780;6786;-11566
-9695;9809;-19504
-4630;11626;-16256
-2769;13236;-16005
10382;13710;-3328
895;3383;-2488
-7020;3846;-10866
3154;6632;-3478
-733;-3971;3238
14855;-12497;27352
2639;-4136;6775
2833;1345;1488
-3895;7480;-11375
3644;-12995;16639
-10553;-6900;-3653
623;9686;-9063
-3455;-5121;1666
1563;-8379;9942
-7252;-367;-6885
-3263;-14627;11364
6109;4304;1805
7870;-6415;14285
3027;6060;-3033
13773;13804;-31
833;-8731;9564
-13976;-13867;-109
-8190;2362;-10552
6187;12483;-6296
5178;-3060;8238
-6658;-2089;-4569
-10291;8858;-19149
-13417;-802;-12615
-4241;-11815;7574
-3261;2002;-5263
-10718;-7934;-2784
-3376;1535;-4911
-11050;11080;-22130
9931;2544;7387
10315;-5572;15887
-4257;-5911;1654
1827;1251;576
-492;-11993;11501
13052;-11952;25004
11809;11050;759
9239;-4340;13579
-11352;-6033;-5319
-9477;2250;-11727
13943;-12735;26678
-12412;7253;-19665
2648;-12970;15618
-7411;13816;-21227
8609;-10964;19573
4381;-11131;15512
8464;6778;1686
2623;-176;2799
-9487;9284;-18771
-10476;6010;-16486
-13567;-2303;-11264
13885;-13899;27784
-7241;2846;-10087
-5293;-14753;9460
1933;3860;-1927
1873;8649;-6776
-13192;9620;-22812
10626;-12249;22875
1665;14746;-13081
2141;10431;-8290
12774;4619;8155
2005;-12234;14239
-11713;-13695;1982
-5661;-10240;4579
-7043;-1394;-5649
8191;-2426;10617
-5905;-7941;2036
11525;-3152;14677
-6022;-4540;-1482
4547;10487;-5940
5011;4502;509
-177;7758;-7935
6670;13977;-7307
11006;54;10952
820;-4373;5193
13086;-14865;27951
-2835;-11802;8967
-12999;13007;-26006
-13624;12358;-25982
-3220;3115;-6335
-13412;13239;-26651
-8;-4778;4770
7881;-12473;20354
72;-4750;4822
-920;-13406;12486
-12677;14722;-27399
2024;-6423;8447
-9837;-13452;3615
9131;2048;7083
-11752;-11854;102
4956;5073;-117
-4587;1839;-6426
-2238;3518;-5756
-4803;-13201;8398
-14065;7152;-21217
-4802;-4507;-295
10581;-5231;15812
-5934;-5881;-53
-7697;10653;-18350
-770;-10702;9932
-1093;4012;-5105
-3405;-9364;5959
5049;5290;-241
-10701;-9133;-1568
-8073;-12792;4719
-1;-112;111
-2117;12915;-15032
-4295;-976;-3319
257;7008;-6751
11;-3443;3454
4656;2101;2555
-14919;-11864;-3055
4316;-8900;13216
-2504;8320;-10824
10945;9137;1808
9535;-7436;16971
-1359;11170;-12529
3113;5819;-2706
-4064;32;-4096
-812;-9306;8494
-4400;4323;-8723
-12025;-13984;1959
-7684;-11674;3990
-2477;4542;-7019
12846;-3142;15988
12200;4760;7440
-319;14836;-15155
-12376;9996;-22372
-3888;2373;-6261
-10528;3116;-13644
4130;-5634;9764
-13407;4676;-18083
-2683;-631;-2052
13309;-10350;23659
8593;-6309;14902
12793;-9438;22231
14947;2;14945
10385;-7342;17727
5863;-8418;14281
4830;4087;743
797;-1129;1926
13471;1623;11848
-8967;5775;-14742
13927;-1524;15451
-8836;3559;-12395
288;-9530;9818
2117;7291;-5174
-5481;6664;-12145
2913;9601;-6688
12905;7844;5061
9860;14860;-5000
13930;-4988;18918
11834;-11566;23400
7058;8583;-1525
2687;-13333;16020
-12513;2921;-15434
4397;-13519;17916
1699;13403;-11704
11441;14612;-3171
13900;-8493;22393
-14486;5908;-20394
3676;2150;1526
12525;-1536;14061
2876;-7792;10668
-7576;-10730;3154
-11669;3250;-14919
-9495;5865;-15360
5265;-6469;11734
12579;-2951;15530
7533;-2800;10333
4799;1198;3601
-8366;-12086;3720
-8332;8954;-17286
9838;7783;2055
14568;-11914;26482
9054;-8074;17128
-7275;4484;-11759
-1710;-14966;13256
-4973;436;-5409
-322;-8778;8456
-903;-7220;6317
-4802;-9788;4986
-708;7978;-8686
-2779;13716;-16495
-2006;4916;-6922
14913;-2969;17882
1126;12768;-11642
-7330;-1725;-5605
586;-9672;10258
9464;7273;2191
10427;12092;-1665
-7132;-6604;-528
11603;13741;-2138
-7995;2241;-10236
1567;-11988;13555
-8290;-4223;-4067
11229;-12506;23735
488;-2132;2620
9897;-10946;20843
11607;4279;7328
1847;-13745;15592
-4177;3517;-7694
4972;1985;2987
-1799;7971;-9770
11714;-10219;21933
-2206;-2557;351
-7248;-9030;1782
3879;10462;-6583
796;6059;-5263
7598;13998;-6400
11826;3856;7970
1709;12779;-11070
9359;9784;-425
-9752;-5335;-4417
-3793;-13001;9208
-2112;13759;-15871
-5239;-5366;127
8720;-9159;17879
-7542;7242;-14784
-10000;9806;-19806
-11590;-14265;2675
-449;12847;-13296
-6033;2708;-8741
3381;628;2753
9504;-13134;22638
-4175;-2923;-1252
10111;1242;8869
9407;7854;1553
-1205;-5197;3992
-14000;8986;-22986
-6916;-14215;7299
-14302;-9522;-4780
10242;3394;6848
-11521;-9935;-1586
-5795;-3098;-2697
-7278;-10466;3188
10881;11854;-973
1044;1312;-268
-2027;-504;-1523
-2281;13444;-15725
10857;9641;1216
7296;12188;-4892
11821;7984;3837
-5995;-10935;4940
2560;6284;-3724
-9763;-6817;-2946
7427;2256;5171
-5140;11170;-16310
13503;-323;13826
-9973;-1637;-8336
12186;7703;4483
-5540;-1216;-4324
5637;-4061;9698
-4091;1684;-5775
-10481;9157;-19638
1017;417;600
9544;5095;4449
-2375;10586;-12961
-14444;12582;-27026
5146;10600;-5454
3828;12832;-9004
-14969;12836;-27805
-8494;13860;-22354
9530;8949;581
5558;-12262;17820
-332;-6374;6042
3046;11194;-8148
8174;-4268;12442
13710;-13915;27625
-6600;-1905;-4695
-12784;-11216;-1568
-10097;6804;-16901
-13151;12345;-25496
4421;-12510;16931
12639;10608;2031
6189;-6633;12822
6366;826;5540
9430;-5572;15002
-12733;-1806;-10927
7063;-11283;18346
-7903;1548;-9451
-824;9834;-10658
-7102;-2440;-4662
720;-9067;9787
-13680;-8526;-5154
8682;13653;-4971
-9557;9078;-18635
9173;-3835;13008
1546;-10361;11907
-4127;-14611;10484
-12220;1756;-13976
-9616;3461;-13077
-3565;120;-3685
488;-8533;9021
6489;-14537;21026
6435;391;6044
12820;-7290;20110
-4039;-12108;8069
-5543;3143;-8686
13329;-6352;19681
12268;-5333;17601
-12293;11107;-23400
-11463;-8912;-2551
-2665;9396;-12061
8458;444;8014
5737;11874;-6137
-11772;6661;-18433
5652;-12808;18460
-5001;9606;-14607
-2533;10546;-13079
-14037;-3739;-10298
-14929;4937;-19866
-6045;-7548;1503
1701;-2115;3816
-14641;3382;-18023
6406;5698;708
-8725;4387;-13112
10958;-3232;14190
-9050;11728;-20778
-5883;12448;-18331
-14186;7527;-21713
-2859;-4109;1250
6585;-3483;10068
11113;-10528;21641
13470;-8768;22238
10779;-3925;14704
267;11831;-11564
4010;12629;-8619
5404;-11722;17126
-10723;8610;-19333
13014;-10907;23921
-13156;-11377;-1779
-13662;5868;-19530
-5707;-9638;3931
-2984;-7907;4923
12090;7382;4708
-167;534;-701
-12930;12987;-25917
-3611;-9310;5699
-4717;-3524;-1193
389;-4312;4701
14727;-10087;24814
14082;-1932;16014
8824;4169;4655
-5618;8709;-14327
14546;8530;6016
-9021;11038;-20059
-5108;12888;-17996
-2653;4411;-7064
-8767;-7974;-793
-11941;4112;-16053
6632;13633;-7001
6609;-5289;11898
-13275;682;-13957
4081;1612;2469
9943;-11506;21449
-1697;-14019;12322
2948;6426;-3478
7746;-13497;21243
454;-3546;4000
11800;5740;6060
14125;11838;2287
-1841;-8361;6520
7425;5402;2023
-10178;2408;-12586
3078;-14809;17887
-11369;-874;-10495
13721;11721;2000
-6805;8298;-15103
5035;-3616;8651
-7125;-13918;6793
-5014;319;-5333
11374;-6831;18205
-1526;-2004;478
-13484;11885;-25369
6755;-5209;11964
13845;9868;3977
5335;-6525;11860
-8255;-3938;-4317
-10868;-10811;-57
-13260;-6560;-6700
6636;-12915;19551
-8843;7571;-16414
-6292;-8833;2541
3641;14375;-10734
13617;-14948;28565
-6269;-11525;5256
-4666;-7652;2986
11963;-9566;21529
6571;-10864;17435
7076;14344;-7268
-14010;9187;-23197
5632;14025;-8393
-2698;-12872;10174
-11316;2949;-14265
2146;2880;-734
-13295;-11137;-2158
4341;-6365;10706
12948;14396;-1448
1467;13487;-12020
21;3980;-3959
-1268;6343;-7611
11529;7392;4137
-1331;8428;-9759
3088;-2427;5515
791;-1928;2719
-9875;1987;-11862
-2548;1111;-3659
-5232;9666;-14898
-6448;4820;-11268
136;10419;-10283
8127;5247;2880
6794;4828;1966
-8;6622;-6630
-3999;4794;-8793
3704;-14924;18628
33;-727;760
-3614;12149;-15763
-933;6723;-7656
183;-1537;1720
5149;-11114;16263
-9016;-2304;-6712
14907;-12090;26997
6066;3765;2301
-8368;-9550;1182
-3878;-8958;5080
-8394;-8469;75
-12392;-14918;2526
-8152;11208;-19360
4236;-2098;6334
3661;-13089;16750
-14977;-2262;-12715
-13019;-8953;-4066
-10919;4753;-15672
9817;-14190;24007
7048;-5036;12084
-2714;-883;-1831
-10336;-2511;-7825
5936;2039;3897
-11324;-12276;952
11822;-1498;13320
14290;-3551;17841
-11109;-12496;1387
13724;-6650;20374
9995;13719;-3724
-6503;2467;-8970
6197;1100;5097
8822;-11321;20143
11506;-9590;21096
-785;8900;-9685
665;3672;-3007
671;2955;-2284
7004;4138;2866
5910;-13453;19363
-9296;-12168;2872
-11020;-5205;-5815
5144;8171;-3027
527;-4073;4600
7519;6900;619
904;-3714;4618
5529;5293;236
9354;1595;7759
1203;-4854;6057
13078;-3842;16920
-5644;6859;-12503
7421;11589;-4168
-11007;-3678;-7329
-7027;-13523;6496
-12652;10568;-23220
-2011;2492;-4503
-12461;376;-12837
5048;-1002;6050
-10997;9602;-20599
-9669;-7209;-2460
4969;-12184;17153
215;-13405;13620
-2677;5997;-8674
4034;5035;-1001
-8484;-13222;4738
-5120;-1685;-3435
-6690;-1807;-4883
3804;9718;-5914
1599;5830;-4231
-10706;11118;-21824
-8159;12155;-20314
8688;13574;-4886
13787;-1501;15288
-841;-12840;11999
9952;2346;7606
-2729;947;-3676
-6975;-14234;7259
10499;8246;2253
-10900;-548;-10352
-2137;-6823;4686
11305;-9406;20711
9418;11200;-1782
-2362;10728;-13090
9000;-1079;10079
-459;7467;-7926
7899;5790;2109
12722;6593;6129
-181;8744;-8925
6647;5666;981
6941;10846;-3905
-7380;6660;-14040
-10613;-8749;-1864
4007;-5273;9280
-7065;10728;-17793
-6496;-13971;7475
-2980;-5860;2880
-9587;860;-10447
-3028;-240;-2788
6160;1349;4811
-340;10325;-10665
-12746;-4842;-7904
-2187;-14175;11988
11435;1965;9470
13489;-4723;18212
9218;-8154;17372
-1644;1115;-2759
-10978;13291;-24269
-13531;-1061;-12470
-13283;12811;-26094
7378;10557;-3179
-10613;-1605;-9008
92;-1522;1614
3196;13656;-10460
-10472;-1840;-8632
3425;3929;-504
2375;-5644;8019
5667;389;5278
14674;6009;8665
9291;1698;7593
-14955;-12920;-2035
-9037;-2109;-6928
-5302;1791;-7093
-7565;3283;-10848
1210;-3924;5134
12452;4370;8082
-9034;13012;-22046
-14564;2866;-17430
5988;7452;-1464
2737;9779;-7042
-9979;-5396;-4583
3519;-4283;7802
-10764;-14994;4230
14524;14224;300
-3157;-6972;3815
-14763;3223;-17986
-3566;-11738;8172
-6363;10052;-16415
5647;-13931;19578
-919;-14980;14061
-13225;7811;-21036
1324;-7859;9183
-5743;-184;-5559
9082;13634;-4552
2756;-11890;14646
11288;439;10849
-6450;-1223;-5227
-2788;-10613;7825
-12584;9291;-21875
8951;-2628;11579
-6556;576;-7132
-7604;-1322;-6282
-10037;12676;-22713
-11225;11626;-22851
1711;-211;1922
-11563;3972;-15535
-14866;-14418;-448
6864;-2348;9212
-7292;8492;-15784
10161;-4160;14321
10077;3322;6755
-11625;-3236;-8389
13505;-10825;24330
10682;-5021;15703
10551;-7789;18340
-10381;5001;-15382
-5874;-4248;-1626
7083;-6347;13430
-10808;2950;-13758
-4939;8799;-13738
-8212;5238;-13450
-1674;-10859;9185
-11373;-2337;-9036
6066;-14259;20325
-11231;-7515;-3716
-12981;-5876;-7105
-1046;13606;-14652
-13641;12527;-26168
12340;-11974;24314
10187;4410;5777
5732;-5818;11550
-14889;14031;-28920
4030;13764;-9734
-4527;486;-5013
-6440;-595;-5845
-1534;-7727;6193
-10658;-2646;-8012
-1113;11244;-12357
-10575;3624;-14199
-10677;-7684;-2993
4722;-11515;16237
-6138;-1338;-4800
-5861;4848;-10709
2692;-6917;9609
2662;9799;-7137
-14240;11932;-26172
1510;6978;-5468
-5205;11676;-16881
-14614;4529;-19143
-12899;-1227;-11672
-2931;5653;-8584
-5095;-5029;-66
12371;1254;11117
8681;-5775;14456
-13329;-11403;-1926
7856;2396;5460
-12865;3667;-16532
2400;-10739;13139
-12765;-10817;-1948
-3983;2985;-6968
9790;-12493;22283
-3744;-11788;8044
4155;8468;-4313
14905;3702;11203
-128;12734;-12862
-11820;7171;-18991
-1719;1070;-2789
5341;-13600;18941
-11215;-10011;-1204
8249;7845;404
-3617;-9724;6107
5681;1262;4419
11199;-14016;25215
-1875;-11480;9605
-12910;-6319;-6591
6010;-1040;7050
-12450;2750;-15200
6840;6814;26
4544;-9582;14126
5367;13386;-8019
-5759;8712;-14471
-3262;14224;-17486
10934;9726;1208
12140;6060;6080
13487;4900;8587
-8792;-7938;-854
12496;-3415;15911
11295;12589;-1294
2045;-2589;4634
9630;6040;3590
10824;11459;-635
-7479;-10047;2568
-3862;9473;-13335
-12172;11381;-23553
-10562;-4387;-6175
8870;-11772;20642
-6918;6352;-13270
11206;-8853;20059
12488;13207;-719
-4022;8108;-12130
8277;-13380;21657
3280;-3434;6714
1661;-2119;3780
10462;209;10253
-14538;3109;-17647
-1810;-10501;8691
5412;-2421;7833
3559;-9384;12943
-10740;1410;-12150
-1885;2397;-4282
-7635;14173;-21808
-14462;-4997;-9465
4748;10171;-5423
-13235;11367;-24602
14376;-11224;25600
-2295;-5103;2808
-6679;-10228;3549
-5778;-12673;6895
-13197;-5995;-7202
-14673;-1051;-13622
3843;209;3634
8744;-14875;23619
-8976;7583;-16559
-8950;5877;-14827
13954;-1411;15365
11580;-8977;20557
7811;-9736;17547
2697;-9294;11991
-14257;14940;-29197
6328;14488;-8160
-307;-10463;10156
-5010;-12293;7283
4709;12163;-7454
6287;11610;-5323
-5930;-9002;3072
269;63;206
2163;11697;-9534
-1390;-576;-814
-14001;-9967;-4034
-11498;-1813;-9685
6109;-7200;13309
5020;6612;-1592
-10117;4024;-14141
9859;14346;-4487
-3230;-221;-3009
-7010;13827;-20837
9795;-1640;11435
-5904;12441;-18345
7279;4222;3057
-2853;-2100;-753
-2452;10455;-12907
-12789;12488;-25277
2010;-519;2529
9359;-3925;13284
-2030;14067;-16097
7242;-3548;10790
1755;3977;-2222
10500;3830;6670
501;4525;-4024
-6548;14334;-20882
82;-348;430
2385;-11417;13802
3659;13268;-9609
2034;11482;-9448
5329;-10049;15378
-8074;-7210;-864
173;3890;-3717
3003;10758;-7755
617;10027;-9410
-9068;10103;-19171
-14008;-11095;-2913
-10211;2351;-12562
-7043;-72;-6971
